module,phase,name,code,sequence,workflow-file,command,required,agent,options,description,output-location,outputs,
edu,anytime,Ayuda contextual,HELP,,,edu_help,false,course-planner,Chat Mode,"Muestra el estado actual del cursado y el próximo paso recomendado. Disponible en cualquier momento.",,,
edu,anytime,Estado del tema,STATUS,,,edu_status,false,course-planner,Chat Mode,"Muestra el estado de producción de un tema específico (diseño, clase, TP, calidad, testing).",,,
edu,anytime,Verificar cobertura,COVERAGE,,_edu/workflows/check-coverage/workflow.md,edu_check_coverage,false,plan-coverage-checker,Audit Mode,"Verifica el porcentaje de cobertura del plan mínimo en el estado actual del cursado.",course_output_folder,"coverage-report",
edu,anytime,Perfiles de alumno,STUDENT_PROFILES,,_edu/workflows/manage-student-profiles/workflow.md,edu_student_profiles,false,student-simulator,Profile Mode,"Gestiona perfiles del simulador o investiga en literatura académica (ERIC, ACM, IEEE) para calibrar perfiles empíricos. Detecta el modo por contexto.",memory_folder,"profile-data | calibration-data",
edu,anytime,Actualizar contexto Copilot,CONTEXT,,_edu/workflows/update-copilot-context/workflow.md,edu_update_context,false,course-planner,Update Mode,"Actualiza el contexto activo de Copilot. Útil al retomar sesión o después de cambios grandes.",,, 
edu,anytime,Editar template de clase,CLASS_TEMPLATE,,,edu_edit_class_template,false,class-writer,Edit Mode,"Personaliza la estructura de minuta.md y filminas.md que Roberto usa para generar clases. Crea o edita _edu/templates/class-template.md.",_edu/templates,"class-template.md",
edu,anytime,Cambiar materia activa,SWITCH_COURSE,,,edu_switch_course,false,course-planner,Switch Mode,"Cambia el course_prefix activo en config.yaml (multi-clase). Recalcula todas las rutas derivadas.",_edu,"config.yaml",
edu,anytime,Buscar en memoria colectiva,MEMORY_SEARCH,,,edu_memory_search,false,agent,Search Mode,"Busca en la memoria colectiva (SQLite FTS5): errores de agentes, correcciones, insights pedagógicos, hallazgos de calidad y retrospectivas. Cross-curso y cross-año.",memory_folder,"search-results",
edu,anytime,Buscar en knowledge base,KNOWLEDGE_SEARCH,,,edu_knowledge_search,false,agent,Search Mode,"Busca en la knowledge base ChromaDB (collection edu_knowledge): 12 referencias académicas (Mayer, Sweller, WCAG, FSRS, Bloom, Learning Analytics, CS Education, Slide Composition, Adaptive Learning, MCP, MAIC, OpenMAIC) + 16 docs de herramientas + material del curso (libros y apuntes de ingesta/). Filtrar por --type reference | tool | material. Accesible también via chroma-mcp (herramientas: chroma_query_documents con where:{type:...}).",_edu-knowledge,"search-results",
edu,phase-1,Iniciar curso,START,10,_edu/workflows/load-official-plan/workflow.md,edu_start_course,true,course-planner,Setup Mode,"Fase 1 completa: configura la materia (nombre, institución, perfil docente, duración, LMS), carga el programa institucional PDF y congela plan-minimo.md como contrato inmutable.",course_output_folder,"plan-minimo.md",
edu,phase-2,Construir cursado,BUILD_COURSE,10,,edu_build_course,false,course-planner,Build Mode,"Construye el plan del cursado. Detecta automáticamente el modo: [M] desde material existente (PDFs/PPTX/DOCX) o [I] desde investigación académica pura.",course_output_folder,"plan-borrador.md",
edu,phase-2,Proponer cambio curricular,CURR_CHANGE,20,_edu/workflows/curriculum-change/workflow.md,edu_propose_curriculum_change,false,curriculum-reviewer,Proposal Mode,"Propone cambios curriculares con justificación académica. Solo puede modificar plan-borrador, nunca plan-minimo.",course_output_folder,"curriculum-proposal.md",
edu,phase-3,Ciclo de tema,TOPIC,5,_edu/workflows/topic-cycle/workflow.md,edu_topic,false,course-planner,Guide Mode,"Punto de entrada inteligente para el ciclo de tema. Detecta el estado actual y recomienda el próximo paso.",course_output_folder,"",
edu,phase-3,Diseñar o ajustar tema,DESIGN,10,_edu/workflows/topic-cycle/workflow.md,edu_design_topic,false,topic-designer,Design Mode,"Diseña el contenido de un tema con la duración de clase como constraint central. También usar para ajustar un diseño existente antes de aprobarlo.",course_output_folder,"diseno.md",
edu,phase-3,Aprobar diseño,APPROVE_DESIGN,20,_edu/workflows/topic-cycle/workflow.md,edu_approve_design,false,course-planner,Approve Mode,"Aprueba el diseño del tema y habilita la creación de la clase. Requerido antes de /edu-create-class.",course_output_folder,"diseno.md",
edu,phase-3,Crear clase,CLASS,30,_edu/workflows/topic-cycle/workflow.md,edu_create_class,false,class-writer,Create Mode,"Genera minuta.md y filminas.md proporcionales a la duración del tema. Requiere diseño aprobado.",course_output_folder,"minuta.md | filminas.md",
edu,phase-3,Crear guía de estudio,STUDY_GUIDE,35,_edu/workflows/topic-cycle/workflow.md,edu_create_study_guide,false,study-guide-writer,Create Mode,"Genera guia-estudio.md — documento completo para estudio autónomo del alumno. Integra minuta, filminas y PDFs fuente. Incluye desarrollo teórico expandido, ejemplos trabajados, autoevaluación y glosario. Requiere minuta.md y filminas.md aprobadas.",course_output_folder,"guia-estudio.md",
edu,phase-3,Crear guía del profesor,TEACHER_GUIDE,36,_edu/workflows/create-teacher-guide/workflow.md,edu_create_teacher_guide,false,class-writer,Create Mode,"Genera guiaprofesor.md: guía autocontenida para el docente con plan de clase per-filmina, extractos de material fuente, sugerencias y índice de artefactos.",course_output_folder,"guiaprofesor.md",
edu,phase-3,Crear TP,TP,40,_edu/workflows/topic-cycle/workflow.md,edu_create_tp,false,tp-designer,Create Mode,"Genera tp.md trazable a la minuta. Elige tipo al inicio: [1] Desarrollo (preguntas abiertas) [2] Repo GitHub Classroom con autograding [3] Quiz Moodle exportable en GIFT con guía separada de configuración de la actividad Quiz [4] Quiz Google Forms/Classroom [5] Mixto. Genera el output específico del tipo elegido en el directorio del tema.",course_output_folder,"tp.md | autograde-repo/ | tp-quiz.gift | tp-quiz-moodle-config.md | tp-quiz-forms.md | tp-quiz-forms-script.js",
edu,phase-3,Regenerar output de TP,AUTOGRADE,45,_edu/workflows/create-autograde-repo/workflow.md,edu_create_autograde_repo,false,classroom-designer,Regen Mode,"Regenera o ajusta el output específico del TP según su tipo: autograde-repo/ (repo) o tp-quiz.gift + tp-quiz-moodle-config.md / tp-quiz-forms.md + tp-quiz-forms-script.js (quiz). Útil cuando el tp.md cambia tras quality loops o se omitió al crear el TP.",course_output_folder,"autograde-repo/ | tp-quiz.gift | tp-quiz-moodle-config.md | tp-quiz-forms.md | tp-quiz-forms-script.js",
edu,phase-3,Calidad,QUALITY,50,_edu/workflows/quality-loops/workflow.md,edu_quality,false,writing-validator,Quality Mode,"Comando unificado de calidad. Sin reportes existentes → modo Validar (Loop 1a → 2 → 3 → Guardrail). Con reportes sin fixes → modo Corregir (auto o selectivo). Cada fix genera commit Git reversible.",course_output_folder,"quality-reports | quality-fixes",
edu,phase-3,Testing pedagógico,TEST,120,_edu/workflows/pedagogical-testing/workflow.md,edu_test_topic,false,student-simulator,Test Mode,"Simula la experiencia de uno o varios perfiles de alumno antes de dar clase. Requiere loops de calidad completados.",course_output_folder,"score-pedagogico.md | faq-anticipado.md",
edu,phase-3,Comparar encuesta vs simulador,COMPARE_SURVEY,130,_edu/workflows/student-feedback-loop/workflow.md,edu_compare_survey_simulator,false,student-simulator,Compare Mode,"Procesa resultados de encuestas reales de alumnos y calibra el long-term del simulador.",memory_folder,"calibracion-simulador",
edu,phase-3,Debate de tema,DEBATE,135,_edu/workflows/debate-topic/workflow.md,edu_debate_topic,false,course-planner,Debate Mode,"Panel multi-agente para decisiones complejas de diseño, alcance y profundidad del tema.",course_output_folder,"debate-[fecha].md",
edu,phase-3,Cerrar tema,CLOSE_TOPIC,140,_edu/workflows/topic-cycle/workflow.md,edu_close_topic,false,course-planner,Close Mode,"Cierra un tema cuando todos los loops están resueltos. Genera commit y merge Git. Actualiza cobertura.",course_output_folder,"git-merge",
edu,phase-3,Reabrir tema,REOPEN,145,_edu/workflows/reopen-topic/workflow.md,edu_reopen_topic,false,course-planner,Reopen Mode,"Reabre un tema cerrado para aplicar correcciones mayores. Reactiva branch Git del tema.",course_output_folder,"git-branch",
edu,phase-3,Publicar slides,PUBLISH_SLIDES,155,_edu/workflows/topic-cycle/workflow.md,edu-publish-slides,false,slides-publisher,Publish Mode,"Único punto de entrada para publicación completa: filminas.md → artefactos YAML coherentes → imágenes Gemini específicas del tópico + tablas PNG → Google Slides. Sin preguntas al usuario. Script: salida/edu-standalone/scripts/slides_pipeline.py",course_output_folder,"slides/slides-url.txt",
edu,phase-3,Diseño visual slides,SLIDES_DESIGN,156,,edu-slides-designer,false,slides-designer,Design Mode,"Vera define el sistema de diseño visual del cursado: paleta, tipografía, layouts por tipo de filmina. Genera _edu/slides-config.yaml. Ejecutar una sola vez por cursada.",_edu,"slides-config.yaml",
edu,phase-3,Re-exportar slides,SLIDES_PUB,157,,edu-publish-slides,false,slides-publisher,Publish Mode,"Alias de /edu-publish-slides. Pipeline unificado: re-ejecutar para re-publicar tras correcciones.",course_output_folder,"slides/slides-url.txt",
edu,phase-3,Configurar APIs,SETUP_APIS,158,,edu_setup_apis,false,slides-publisher,Setup Mode,"Configura Google OAuth + Gemini API key. Solo necesario una vez por instalación.",_edu,"secrets.local.yaml",
edu,phase-3,Exportar guía a PDF,EXPORT_PDF,160,,edu_export_pdf,false,study-guide-writer,Export Mode,"Exporta guia-estudio.md a PDF con portada institucional, índice automático, numeración de páginas y formato académico listo para imprimir y distribuir. Usa pandoc + LaTeX.",course_output_folder,"guia-estudio.pdf",
edu,phase-4,Cerrar cursado,CLOSE_COURSE,10,_edu/workflows/close-course/workflow.md,edu_close_course,false,course-planner,Close Mode,"Cierre formal del año académico con retrospectiva y traspaso de memoria al año siguiente.",course_output_folder,"retrospectiva.md | notas-para-{año+1}.md",
edu,phase-4,Iniciar nuevo año,NEW_YEAR,20,_edu/workflows/new-year/workflow.md,edu_start_new_year,false,course-planner,Setup Mode,"Arranca el nuevo año académico reutilizando la memoria del año anterior. Workspace limpio con contexto disponible.",memory_folder,"course-config",
edu,anytime,Validar accesibilidad WCAG,CHECK_ACCESSIBILITY,,,edu_check_accessibility,false,agent,Audit Mode,"Valida contraste de colores (WCAG AA/AAA), alt_text en imágenes y tamaño tipográfico según distancia de aula. Genera accessibility-report.md.",topic_folder,"accessibility-report.md",
edu,anytime,Auditar composición visual,CHECK_COMPOSITION,,,edu_check_composition,false,agent,Audit Mode,"Valida densidad visual (35-55% ideal), márgenes seguros y superposiciones de elementos. Genera composition-report.md.",topic_folder,"composition-report.md",
edu,anytime,Calendario de repasos,SPACED_REVIEW,,,edu_spaced_review,false,agent,Plan Mode,"Motor FSRS v4 de repaso distribuido. Genera calendario de repasos y slides de revisión socrática.",course_output_folder,"repaso-calendario.md | slides-repaso.md",
edu,anytime,Crear blueprint de examen,CREATE_EXAM,,,edu_create_exam,false,agent,Plan Mode,"Genera tabla de especificaciones (blueprint) para parciales con distribución por temas y niveles de Bloom.",course_output_folder/evaluaciones,"blueprint-parcial-N.json | blueprint-parcial-N.md",
edu,anytime,Validar reglas cognitivas,CHECK_COGNITION,,,edu_check_cognition,false,agent,Audit Mode,"Valida assertion-evidence, densidad textual por tipo, contiguidad espacial y principios de Mayer/Fiorella. Genera cognition-report.md.",topic_folder,"cognition-report.md",
edu,anytime,Presupuesto cognitivo,CHECK_COGNITIVE_LOAD,,,edu_check_cognitive_load,false,agent,Audit Mode,"Calcula carga cognitiva acumulada por clase con curva visual. Detecta fatiga y patrón U invertida. Funciona con filminas.md o plan JSON.",topic_folder,"cognitive-budget-report.md",
edu,anytime,Publicar a Classroom,PUBLISH_CLASSROOM,,,edu_publish_classroom,false,agent,Publish Mode,"Publica TPs y materiales a GitHub Classroom con gh CLI. Requiere classroom_enabled.",course_output_folder,"classroom-assignment",
edu,anytime,Exportar curso a GitHub,EXPORT_REPO,,_edu/workflows/export-repo/workflow.md,edu_export_repo,false,agent,Export Mode,"Crea un repositorio GitHub independiente desde edu-standalone listo para un curso nuevo. Requiere gh CLI autenticado.",course_output_folder,"repository-url",
edu,anytime,Notas de Classroom,CLASSROOM_GRADES,,,edu_classroom_grades,false,agent,Report Mode,"Importa notas de GitHub Classroom al dashboard de analytics.",course_output_folder,"grades-import",
edu,anytime,Configurar auto-responder,SETUP_AUTO_RESPONDER,,,edu_setup_auto_responder,false,agent,Setup Mode,"Configura GitHub Action que responde automáticamente a errores comunes de Git de alumnos.",_edu/templates,"student-helper-action.yml",
edu,anytime,Analytics de alumnos,STUDENT_ANALYTICS,,,edu_student_analytics,false,agent,Report Mode,"Dashboard de progreso de alumnos: tendencias, alertas tempranas, distribución.",course_output_folder/analytics,"dashboard.md",
edu,anytime,Ruta adaptativa,ADAPTIVE_PATH,,,edu_adaptive_path,false,agent,Plan Mode,"Genera rutas de aprendizaje personalizadas por nivel de rendimiento.",course_output_folder,"adaptive-paths.md",
edu,anytime,Comparar currículas,COMPARE_CURRICULUM,,,edu_compare_curriculum,false,agent,Research Mode,"Compara la currícula del curso contra estándares ACM/IEEE y universidades de referencia.",course_output_folder,"curriculum-comparison.md",
edu,anytime,Crear interactivo,CREATE_INTERACTIVE,,,edu_create_interactive,false,agent,Create Mode,"Genera simulación interactiva HTML5 autocontenida: drag-drop, slider, code-trace, etc.",topic_folder,"interactivos/",
edu,anytime,Crear anotaciones,CREATE_ANNOTATIONS,,,edu_create_annotations,false,agent,Create Mode,"Genera secuencia de anotaciones tipo pizarra con pasos explicativos JSON.",topic_folder,"annotations-steps.json",
edu,anytime,Generar audio,GENERATE_AUDIO,,,edu_generate_audio,false,agent,Create Mode,"Genera narración TTS por filmina con edge-tts. Requiere tts_enabled.",topic_folder/audio,"slide-NN.mp3",
edu,anytime,Simular clase,SIMULATE_CLASSROOM,,,edu_simulate_classroom,false,agent,Test Mode,"Simulación pedagógica grupal con 4 arquetipos de Schwanke. Requiere simulation_enabled.",topic_folder,"simulation-report.md",
edu,anytime,Crear PBL,CREATE_PBL,,,edu_create_pbl,false,agent,Design Mode,"Diseña proyecto PBL multi-clase con milestones, rúbricas y medidas anti-delegación.",course_output_folder/pbl,"pbl-{name}.json",
edu,anytime,Estado PBL,PBL_STATUS,,,edu_pbl_status,false,agent,Report Mode,"Muestra progreso de proyectos PBL activos por milestone.",course_output_folder/pbl,"status-report",
edu,anytime,Auto topic,AUTO_TOPIC,,,edu_auto_topic,false,agent,Pipeline Mode,"Producción automática de todo el material de un tema con Director Agent.",topic_folder,"all-artifacts",
edu,anytime,Reanudar topic,RESUME_TOPIC,,,edu_resume_topic,false,agent,Pipeline Mode,"Reanuda producción de tema desde el último checkpoint exitoso.",topic_folder,"pipeline-state",
edu,anytime,Drift semántico,CHECK_SEMANTIC_DRIFT,,,edu_check_semantic_drift,false,agent,Audit Mode,"Detecta drift semántico entre contenido generado y fuentes originales. Requiere semantic_drift_enabled.",topic_folder,"drift-report.md",
edu,anytime,Gaps curriculares,CHECK_CURRICULUM_GAPS,,,edu_check_curriculum_gaps,false,agent,Audit Mode,"Detecta gaps y redundancias temáticas en el cursado completo.",course_output_folder,"topic-analysis-report.md",
edu,anytime,Verificar hechos,VERIFY_FACTS,,,edu_verify_facts,false,agent,Audit Mode,"NLI fact-checking del contenido: entailment/contradiction/neutral. Requiere fact_check_enabled.",topic_folder,"fact-check-report.md",
edu,anytime,Clasificar Bloom,CLASSIFY_BLOOM,,,edu_classify_bloom,false,agent,Audit Mode,"Clasifica preguntas por nivel de Bloom con DeBERTa fine-tuned.",course_output_folder,"bloom-classification.md",
edu,anytime,Calibrar evaluaciones,CALIBRATE_ASSESSMENT,,,edu_calibrate_assessment,false,agent,Audit Mode,"Calibra dificultad de preguntas con IRT 2PL + estima mastery con BKT.",course_output_folder/assessment,"irt-report.md | bkt-mastery.md",
edu,anytime,Calidad visual slides,CHECK_VISUAL_QUALITY,,,edu_check_visual_quality,false,agent,Audit Mode,"Evalúa relevancia visual CLIP + layout de slides. Requiere thumbnails generados.",topic_folder,"visual-quality-report.md",
edu,anytime,Construir KG,BUILD_KG,,,edu_build_kg,false,agent,Build Mode,"Construye Knowledge Graph educativo desde plan mínimo con validación SPARQL.",course_output_folder,"knowledge-graph.json",
edu,anytime,Validar KG,VALIDATE_KG,,,edu_validate_kg,false,agent,Audit Mode,"Valida KG: ciclos, huérfanos, monotonía de Bloom. Requiere KG construido.",course_output_folder,"kg-validation-report",
edu,anytime,Aprender prerequisitos,LEARN_PREREQUISITES,,,edu_learn_prerequisites,false,agent,ML Mode,"Infiere prerequisitos entre conceptos con ML (active learning de 30 preguntas).",course_output_folder,"cpl-suggestions.json",
edu,anytime,Ejecutar pipeline,RUN_PIPELINE,,,edu_run_pipeline,false,agent,Pipeline Mode,"Orquesta pipeline completo de producción con checkpoints. Requiere orchestrator_enabled.",topic_folder,"pipeline-state.json",
edu,anytime,Reanudar pipeline,RESUME_PIPELINE,,,edu_resume_pipeline,false,agent,Pipeline Mode,"Reanuda pipeline desde el último checkpoint exitoso.",topic_folder,"pipeline-state.json",
edu,anytime,Director Agent,AGENT_DIRECTOR,,,edu_agent_director,false,agent,Pipeline Mode,"Director inteligente con smolagents + Qwen/Llama vía HF Inference API.",topic_folder,"all-artifacts",
edu,anytime,KST explicar,KST_EXPLAIN,,,edu_kst_explain,false,agent,Tutor Mode,"Explica el siguiente concepto frontera KST al estudiante.",course_output_folder,"kst-recommendation",
edu,anytime,KG universal,UNIVERSAL_KG,,,edu_universal_kg,false,agent,Build Mode,"Construye KG universal de CS desde ACM CC2023 + MIT OCW.",_edu-knowledge,"universal-kg.json",
edu,anytime,Sesión adaptativa,ADAPTIVE_SESSION,,,edu_adaptive_session,false,agent,Tutor Mode,"Sesión de aprendizaje adaptativo sin currícula fija: KST + BKT + Director.",course_output_folder/students,"student-{id}.json",
edu,anytime,Ingestar material,KNOWLEDGE_INGEST,,,edu_knowledge_ingest,false,agent,Ingest Mode,"Ingesta PDFs del docente (ingesta/) en ChromaDB. Convierte PDF→TXT automáticamente con pdfminer. Chunk size 800 chars, type=material. CLI: python scripts/knowledge_base.py ingest --include-material [--force]. Watchdog disponible: python scripts/knowledge_watcher.py.",_edu-knowledge,"chunks en edu_knowledge",
edu,anytime,Watcher KB,KNOWLEDGE_WATCH,,,edu_knowledge_watch,false,agent,Background Mode,"Inicia el watchdog de auto-ingesta (knowledge_watcher.py). Monitorea ingesta/ en background y agrega nuevos PDFs a ChromaDB sin intervención manual. CLI: python scripts/knowledge_watcher.py &.",_edu-knowledge,"auto-ingest",

